method,ace,se,ci_low,ci_high,subgroup
IPW,-0.04109703644395413,0.009077374051415366,-0.058888689584728246,-0.02330538330318001,Q1
IPW,-0.03936678024685697,0.009022990210575156,-0.057051841059584274,-0.021681719434129665,Q2
IPW,-0.04721472149900918,0.009528771904458876,-0.06589111443174858,-0.028538328566269786,Q3
IPW,-0.04959212655217482,0.009428730150136724,-0.0680724376464428,-0.031111815457906842,Q4
